[{"id": "1", "pair": "SPHTX-BTC"}, {"id": "2", "pair": "OMG-BTC"}, {"id": "3", "pair": "MIOTA-ETH"}, {"id": "4", "pair": "BAT-ETH"}, {"id": "5", "pair": "MFG-ETH"}, {"id": "6", "pair": "MTN-BTC"}, {"id": "7", "pair": "BEE-BTC"}, {"id": "8", "pair": "WTC-BTC"}, {"id": "9", "pair": "IOST-BTC"}, {"id": "10", "pair": "ETH-BTC"}, {"id": "11", "pair": "COB-ETH"}, {"id": "12", "pair": "MANA-BTC"}, {"id": "13", "pair": "BRD-ETH"}, {"id": "14", "pair": "BM-ETH"}, {"id": "15", "pair": "WTC-ETH"}, {"id": "16", "pair": "LALA-ETH"}, {"id": "17", "pair": "BCH-BTC"}, {"id": "18", "pair": "DRGN-BTC"}, {"id": "19", "pair": "FLUZ-BTC"}, {"id": "20", "pair": "FXT-BTC"}, {"id": "21", "pair": "STK-BTC"}, {"id": "22", "pair": "CMT-COB"}, {"id": "23", "pair": "TRX-BTC"}, {"id": "24", "pair": "OMG-ETH"}, {"id": "25", "pair": "LYM-BTC"}, {"id": "26", "pair": "LAP-BTC"}, {"id": "27", "pair": "MCO-BTC"}, {"id": "28", "pair": "DGD-BTC"}, {"id": "29", "pair": "COFI-ETH"}, {"id": "30", "pair": "CGC-USDT"}, {"id": "31", "pair": "GTO-BTC"}, {"id": "32", "pair": "SMT-BTC"}, {"id": "33", "pair": "FLUZ-ETH"}, {"id": "34", "pair": "BAT-BTC"}, {"id": "35", "pair": "MCO-ETH"}, {"id": "36", "pair": "RFR-ETH"}, {"id": "37", "pair": "BCH-ETH"}, {"id": "38", "pair": "NGC-ETH"}, {"id": "39", "pair": "EOS-BTC"}, {"id": "40", "pair": "SMT-ETH"}, {"id": "41", "pair": "COFI-BTC"}, {"id": "42", "pair": "RFR-BTC"}, {"id": "43", "pair": "NTK-BTC"}, {"id": "44", "pair": "DRGN-ETH"}, {"id": "45", "pair": "NGC-BTC"}, {"id": "46", "pair": "FSN-BTC"}, {"id": "47", "pair": "ENJ-ETH"}, {"id": "48", "pair": "LTC-USDT"}, {"id": "49", "pair": "GNT-BTC"}, {"id": "50", "pair": "BRD-USDT"}, {"id": "51", "pair": "DGD-ETH"}, {"id": "52", "pair": "PLY-ETH"}, {"id": "53", "pair": "GTC-BTC"}, {"id": "54", "pair": "ABT-BTC"}, {"id": "55", "pair": "DXT-USDT"}, {"id": "56", "pair": "ETHOS-ETH"}, {"id": "57", "pair": "BCH-USDT"}, {"id": "58", "pair": "SHPING-BTC"}, {"id": "59", "pair": "CGC-BTC"}, {"id": "60", "pair": "BTC-USDT"}, {"id": "61", "pair": "QTUM-USDT"}, {"id": "62", "pair": "MANA-ETH"}, {"id": "63", "pair": "OCN-ETH"}, {"id": "64", "pair": "ETHOS-BTC"}, {"id": "65", "pair": "PAY-ETH"}, {"id": "66", "pair": "ENJ-USDT"}, {"id": "67", "pair": "UTNP-ETH"}, {"id": "68", "pair": "DENT-BTC"}, {"id": "69", "pair": "NTK-ETH"}, {"id": "70", "pair": "INS-ETH"}, {"id": "71", "pair": "MIOTA-USDT"}, {"id": "72", "pair": "LYM-USDT"}, {"id": "73", "pair": "BOE-BTC"}, {"id": "74", "pair": "MIOTA-BTC"}, {"id": "75", "pair": "SNT-ETH"}, {"id": "76", "pair": "UTNP-USDT"}, {"id": "77", "pair": "GTO-ETH"}, {"id": "78", "pair": "OCN-BTC"}, {"id": "79", "pair": "BOE-ETH"}, {"id": "80", "pair": "LAP-ETH"}, {"id": "81", "pair": "GAS-BTC"}, {"id": "82", "pair": "QTUM-ETH"}, {"id": "83", "pair": "GTC-ETH"}, {"id": "84", "pair": "BRD-BTC"}, {"id": "85", "pair": "GNT-ETH"}, {"id": "86", "pair": "BDG-BTC"}, {"id": "87", "pair": "LALA-USDT"}, {"id": "88", "pair": "BEE-ETH"}, {"id": "89", "pair": "EOS-ETH"}, {"id": "90", "pair": "LALA-BTC"}, {"id": "91", "pair": "FSN-ETH"}, {"id": "92", "pair": "BDG-USDT"}, {"id": "93", "pair": "IOST-ETH"}, {"id": "94", "pair": "GAS-ETH"}, {"id": "95", "pair": "DADI-ETH"}, {"id": "96", "pair": "BOT-ETH"}, {"id": "97", "pair": "BDG-ETH"}, {"id": "98", "pair": "LTC-BTC"}, {"id": "99", "pair": "UTNP-BTC"}, {"id": "100", "pair": "SPHTX-ETH"}, {"id": "101", "pair": "STK-ETH"}, {"id": "102", "pair": "REP-BTC"}, {"id": "103", "pair": "REN-BTC"}, {"id": "104", "pair": "CGC-ETH"}, {"id": "105", "pair": "DXT-ETH"}, {"id": "106", "pair": "CMT-BTC"}, {"id": "107", "pair": "BM-BTC"}, {"id": "108", "pair": "INS-BTC"}, {"id": "109", "pair": "PLY-BTC"}, {"id": "110", "pair": "HQX-ETH"}, {"id": "111", "pair": "QTUM-BTC"}, {"id": "112", "pair": "MTN-ETH"}, {"id": "113", "pair": "SNT-BTC"}, {"id": "114", "pair": "ACT-BTC"}, {"id": "115", "pair": "CVC-ETH"}, {"id": "116", "pair": "ZRX-ETH"}, {"id": "117", "pair": "MCO-USDT"}, {"id": "118", "pair": "TRX-ETH"}, {"id": "119", "pair": "REP-ETH"}, {"id": "120", "pair": "MFG-BTC"}, {"id": "121", "pair": "NEO-BTC"}, {"id": "122", "pair": "NEO-ETH"}, {"id": "123", "pair": "ZRX-BTC"}, {"id": "124", "pair": "PAY-BTC"}, {"id": "125", "pair": "COB-USDT"}, {"id": "126", "pair": "DENT-ETH"}, {"id": "127", "pair": "BOT-BTC"}, {"id": "128", "pair": "LYM-ETH"}, {"id": "129", "pair": "ETH-USDT"}, {"id": "130", "pair": "FXT-ETH"}, {"id": "131", "pair": "SHPING-ETH"}, {"id": "132", "pair": "CMT-ETH"}, {"id": "133", "pair": "ABT-ETH"}, {"id": "134", "pair": "COB-BTC"}, {"id": "135", "pair": "CMT-USDT"}, {"id": "136", "pair": "DXT-BTC"}, {"id": "137", "pair": "REN-ETH"}, {"id": "138", "pair": "CVC-BTC"}, {"id": "139", "pair": "ENJ-BTC"}, {"id": "140", "pair": "LSTR-BTC"}, {"id": "141", "pair": "DADI-BTC"}, {"id": "142", "pair": "LSTR-ETH"}]